SalesID,DateID,ProductID,CustomerID,StoreID,QuantitySold,SalesAmount,DiscountAmount,NetSalesAmount
1,14-Aug-20,1,1,1,61,4397.92,309.24,5871.02
2,31-Aug-20,2,2,2,48,9960.44,398.23,193.87
3,20-Oct-20,3,3,3,23,7486.65,399.2,5546.13
4,12-Mar-20,4,4,4,5,6532.29,189.3,3433.93
5,13-Mar-20,5,5,5,62,4607.53,397.77,5278.32
6,14-Mar-20,6,6,6,27,8940.82,322.92,6702.47
7,15-Mar-20,7,7,7,72,2408.55,422.57,2320.03
8,16-Mar-20,8,8,8,34,182.51,119.06,1085.84
9,05-Apr-20,9,9,9,77,2028.27,175.37,3341.89
10,06-Apr-20,10,10,10,7,2854.45,473.56,4571.5
11,07-Apr-20,11,11,11,2,3667.72,221.05,9453.53
12,08-Apr-20,12,12,12,62,8462.89,489.23,309.62
13,09-Apr-20,13,13,13,68,7729.78,243.24,828.77
14,10-Apr-20,14,14,14,23,1331.74,489.56,4981.87
15,02-Jan-20,15,15,15,76,5235.09,235.87,9661.55
16,09-Sep-20,16,16,16,75,3756,466.02,9091.45
17,10-Sep-20,17,17,17,5,4795.96,387.93,254.48
18,11-Sep-20,18,18,18,56,393.83,199.33,6484.33
19,12-Sep-20,19,19,19,85,4396.08,148.8,7799.1
20,13-Sep-20,20,20,20,73,5914.57,422.9,3735.52
21,14-Sep-20,21,21,21,60,8708.59,478.09,4602.44
22,15-Sep-20,22,22,22,53,8802.15,127.83,9105.29
23,16-Sep-20,23,23,23,25,3675.43,379.66,9108.68
24,17-Sep-20,24,24,24,34,6647.59,418.22,1082.84
25,18-Sep-20,25,25,25,13,4829.99,148.69,3059.84
26,19-Sep-20,26,26,26,31,3096.1,291.84,9158.59
27,20-Sep-20,27,27,27,27,9144.93,305.79,4573.25
28,21-Sep-20,28,28,28,58,2869.67,267.29,557.76
29,22-Sep-20,29,29,29,80,2391.49,177.35,5967.56
30,23-Sep-20,30,30,30,14,5293.98,308.05,1998.68
31,24-Sep-20,31,31,31,83,6023.88,138.26,170.46
32,25-Sep-20,32,32,32,21,5360.53,199.29,8235.84
33,26-Sep-20,33,33,33,75,4487.4,135.22,9108.57
34,27-Sep-20,34,34,34,31,1571,199.33,512.4
35,28-Sep-20,35,35,35,40,7980.24,196.53,2465.49
36,29-Sep-20,36,36,36,70,6515.97,393.71,1797.03
37,30-Sep-20,37,37,37,94,4361.88,289.56,5282.05
38,01-Oct-20,38,38,38,83,2328.03,437.2,7816.27
39,08-Mar-20,39,39,39,92,339.84,166.51,5660.69
40,05-May-20,40,40,40,28,7315.5,266.33,2144.66
41,06-Aug-20,41,41,41,43,1005.06,362.16,8540.82
42,09-Sep-20,42,42,42,83,8690.54,300.6,8801.5
43,11-Feb-20,43,43,43,83,1691.86,222.16,5461.65
44,12-Feb-20,44,44,44,69,7225.52,202.44,3035.65
45,13-Feb-20,45,45,45,61,2491.84,470.41,8441.93
46,05-May-20,46,46,46,76,1046.68,197.07,8669.42
47,06-May-20,47,47,47,76,332.76,463.14,7889.61
48,03-Jan-20,48,48,48,28,6691.47,353.85,8432.77
49,02-Dec-20,49,49,49,50,911.37,368.42,6301.04
50,03-Dec-20,50,50,50,14,112.71,416.56,7288.34
51,04-Dec-20,32,26,51,68,2659.29,292.59,8314.6
52,05-Dec-20,14,3,52,65,5437.43,185.28,5092.88
53,09-Aug-20,39,17,53,15,5555.23,373.59,3963.55
54,09-Feb-20,25,45,54,74,3034.25,177.31,3142.41
55,10-Feb-20,11,44,55,65,2590.26,468.03,888.42
56,11-Feb-20,11,33,56,74,6824.62,392.44,6301.81
57,12-Feb-20,22,42,57,25,8165.67,444.02,228.63
58,13-Feb-20,31,34,58,50,6209.34,194.62,4855.1
59,14-Feb-20,41,50,59,72,7161.88,144.08,9907.76
60,15-Feb-20,17,28,60,45,8113.56,264.91,526.95
61,16-Feb-20,11,33,61,83,9357.61,430.52,8660.18
62,17-Feb-20,16,25,62,91,8919.79,424,2539.73
63,02-Aug-20,23,36,63,41,7224.19,356.66,7545.59
64,12-Nov-20,30,41,64,40,9673.09,156.25,2721.12
65,04-Dec-20,30,38,65,84,1496,176.32,4900.25
66,05-Dec-20,1,8,66,46,6096.59,273.67,6536.8
67,03-May-20,23,12,67,73,8076.07,200.22,966.1
68,04-May-20,23,43,68,92,4719.24,139.37,7098.55
69,05-May-20,42,18,69,23,2378.93,141.81,3662.59
70,06-May-20,19,50,70,65,1457.58,302.44,3006.95
71,07-May-20,20,32,71,55,9717.13,236.36,3060.24
72,08-May-20,20,3,72,5,7501.01,424.14,1567.07
73,09-Dec-20,35,48,73,4,5400.32,322.56,3382.08
74,10-Dec-20,39,30,74,98,1952.41,236.49,5743.41
75,11-Dec-20,16,10,75,56,7018.04,493.72,3221.76
76,12-Dec-20,19,16,76,25,4576.99,329.89,8106.24
77,13-Dec-20,34,22,77,95,7564.21,309.14,5406.58
78,14-Dec-20,39,24,78,55,6292.25,424.21,8286.54
79,15-Dec-20,28,25,79,35,4614.13,251.88,9077.69
80,11-Jul-20,48,33,80,60,753.05,326.15,6213.98
81,12-Jul-20,29,26,81,35,1924.05,476.59,9846.85
82,13-Jul-20,21,35,82,23,8721.79,387.91,3715.51
83,14-Jul-20,42,9,83,46,2197.44,147.82,3197.5
84,15-Jul-20,35,11,84,92,6986.77,426.68,2968.52
85,16-Jul-20,47,32,85,86,4374.98,120.03,6396.49
86,17-Jul-20,47,18,86,2,7642.22,372.62,8751.3
87,18-Jul-20,33,44,87,4,3642.32,226.36,1949.98
88,07-Nov-20,35,26,88,47,7242.4,344.65,2051.87
89,08-Nov-20,44,46,89,50,522.85,388.68,8530.77
90,09-Nov-20,1,10,90,53,1724.17,288.98,218.78
91,10-Nov-20,39,36,91,93,5648.42,219.14,660.76
92,11-Nov-20,27,29,92,2,1497.29,251.47,3181.5
93,12-Nov-20,46,18,93,29,410.58,241.95,8189.16
94,12-Oct-20,6,26,94,57,6693.72,338.96,8550.12
95,13-Oct-20,12,4,95,67,6037.91,310.26,5331.03
96,14-Oct-20,5,20,96,5,4111.58,291.88,3487.89
97,07-Apr-20,5,15,97,63,2160.49,221.62,9148.13
98,12-Jun-20,46,19,98,95,226.06,171.66,4572.67
99,02-Jun-20,44,15,99,3,7466.96,454.81,2769.87
100,03-Jun-20,30,15,100,60,4287.22,297.94,6914.46
101,01-Dec-20,47,19,101,51,8103.89,375.32,7715.13
102,03-Jul-20,33,6,102,17,269.95,215.31,1599.44
103,03-Dec-20,48,17,103,3,5470,450.1,3124.84
104,07-Dec-20,26,17,104,80,2973.48,450.51,3419.06
105,09-Jan-20,35,7,105,10,2839.46,188.32,1466.24
106,10-Jan-20,29,6,106,47,6743.7,215.96,3744.4
107,11-Jan-20,49,1,107,56,6037.58,469.2,4100.43
108,12-Jan-20,7,35,108,49,3372.54,446.21,4438.3
109,11-Jun-20,4,32,109,88,6274.67,252.62,7134.62
110,07-Sep-20,1,17,110,91,7042.59,270.53,8905.37
111,01-Jun-20,4,31,111,29,993.5,318.24,6785.04
112,02-Jun-20,26,22,112,19,7830.37,108.82,8589.12
113,03-Jun-20,16,7,113,57,7125.72,232.98,1101.18
114,04-Jun-20,34,43,114,54,7305.89,445.12,7672.17
115,05-Jun-20,33,1,115,21,6953.17,325.63,398.91
116,06-Jun-20,37,12,116,58,8847.18,372.2,1276.56
117,07-Jun-20,49,39,117,9,3711.95,130.9,888.12
118,08-Jun-20,7,26,118,95,7168.19,410.37,3270.52
119,09-Jun-20,4,10,119,53,9335.63,256.4,5438.62
120,10-Jun-20,12,25,120,66,9802.7,240.68,4815
121,11-Jun-20,41,7,121,38,6112.59,230.45,3201.9
122,12-Jun-20,3,43,122,68,288.81,494.8,2769.86
123,13-Jun-20,20,40,123,11,9793.01,231,4411.95
124,09-Feb-20,37,50,124,6,6600.15,414.58,5980.04
125,07-Feb-20,12,14,125,90,9216.09,423.95,6537.17
126,04-Oct-20,32,17,126,78,5781.34,198.69,4345.93
127,05-Oct-20,27,20,127,67,6680.77,257.82,9808.73
128,06-Oct-20,32,31,128,96,9328.82,240.84,1605.72
129,07-Oct-20,18,16,129,81,2084.74,137.78,3362.87
130,08-Oct-20,42,17,130,1,7296.52,428.7,6403.67
131,09-Oct-20,10,22,131,76,4625.5,468.48,9874.36
132,10-Oct-20,34,50,132,50,9063.24,310.45,1742.09
133,11-Oct-20,46,8,133,6,7659.45,354.23,9406.42
134,12-Oct-20,50,47,134,20,5507.16,176.62,1083.8
135,13-Oct-20,42,18,135,23,9374.54,353.25,6295.16
136,14-Oct-20,26,6,136,72,5364.33,453.97,1965.1
137,15-Oct-20,31,49,137,35,6552.17,273.94,835.67
138,16-Oct-20,24,22,138,61,3826.17,387.12,3766.38
139,17-Oct-20,25,11,139,66,3683.54,319.44,6855.64
140,18-Oct-20,7,25,140,79,2829.02,224.3,9269.79
141,09-Sep-20,3,14,141,19,8152.76,432.11,9263.43
142,11-Feb-20,37,17,142,53,2510.46,494.83,6903.17
143,09-Mar-20,50,44,143,28,8511.36,375.22,3153.11
144,10-Mar-20,41,10,144,6,632.21,219.16,6540.54
145,11-Mar-20,12,43,145,81,7018.39,271.44,3226.71
146,12-Mar-20,3,44,146,99,3994.66,206.79,6045.41
147,13-Mar-20,47,14,147,86,2379.75,373.74,6930.74
148,14-Mar-20,2,8,148,63,4445.47,305.93,2538.16
149,15-Mar-20,15,2,149,46,8079.96,313.09,9957.59
150,16-Mar-20,24,30,150,79,2503.25,202.96,4852.83
151,17-Mar-20,14,42,151,40,5111.03,162.56,7804.29
152,18-Mar-20,42,29,152,94,7823.08,375.38,7834.4
153,19-Mar-20,5,20,153,42,6093.09,256.6,502.72
154,20-Mar-20,31,41,154,11,1947.87,492.07,8907.23
155,21-Mar-20,21,42,155,71,4695.77,308.48,6121.62
156,22-Mar-20,1,46,156,82,7745.9,371.31,4335.26
157,23-Mar-20,3,36,157,8,3262.61,239.69,4152.77
158,24-Mar-20,30,3,158,84,3698.06,493.23,4209.15
159,25-Mar-20,37,41,159,65,4619.02,297.61,1678.49
160,26-Mar-20,49,23,160,81,6836.35,152.53,4997.48
161,27-Mar-20,50,1,161,13,7293.56,372.38,5952.78
162,28-Mar-20,38,5,162,35,8354.33,445.02,8720.11
163,29-Mar-20,7,47,163,59,9681.58,231.46,4918.59
164,30-Mar-20,39,33,164,33,6355.36,275.58,5445.12
165,31-Mar-20,29,7,165,11,209.77,271.44,701.97
166,01-Apr-20,37,18,166,36,4841.49,482.48,2145.39
167,02-Apr-20,42,21,167,12,8422.14,455.57,9307.04
168,03-Apr-20,39,18,168,17,9146.4,121.93,672.95
169,04-Apr-20,27,49,169,83,5349.12,220.43,4827.68
170,05-Apr-20,11,49,170,94,4885.86,235.81,7904.33
171,06-Apr-20,11,20,171,64,4657.96,206.68,936.93
172,07-Apr-20,14,32,172,64,2611.63,128.72,3185.65
173,08-Apr-20,25,28,173,71,9389.51,166.49,8186.22
174,09-Apr-20,7,45,174,9,4237.72,333.89,913.11
175,10-Apr-20,38,6,175,71,3427.37,310.44,5479.1
176,11-Apr-20,48,17,176,36,1159.4,473.29,4308.31
177,12-Apr-20,48,15,177,57,5334.75,245.44,2959.44
178,13-Apr-20,9,19,178,17,224.33,356.86,1433.4
179,14-Apr-20,22,13,179,60,9786.43,489.22,7753.34
180,15-Apr-20,13,49,180,62,6783.05,200.06,5093.96
181,16-Apr-20,15,4,181,68,9967.8,106.88,5832.93
182,17-Apr-20,35,5,182,94,7102.5,151.38,2768.57
183,18-Apr-20,23,35,183,94,2712.56,221.23,2120.39
184,19-Apr-20,5,17,184,30,1397.41,317.27,7981.68
185,20-Apr-20,44,10,185,92,7669.09,492.56,526.73
186,21-Apr-20,18,10,186,24,5738.96,157.13,8195.48
187,22-Apr-20,10,27,187,71,3910.39,176.03,3723.18
188,23-Apr-20,7,9,188,65,6552.42,352.49,2890.26
189,24-Apr-20,32,10,189,20,6286.66,312.63,9269.34
190,25-Apr-20,39,19,190,95,2104.38,179.42,1453.9
191,26-Apr-20,12,23,191,55,2794.86,379.76,583.91
192,27-Apr-20,3,10,192,22,6480.89,417.13,444.61
193,28-Apr-20,9,19,193,83,9125.9,221.76,1348.92
194,29-Apr-20,6,36,194,26,9665.06,372.18,5226.02
195,30-Apr-20,8,8,195,12,2798.69,344.13,3367.81
196,01-May-20,44,27,196,77,6494.84,154.31,1681.21
197,02-May-20,19,22,197,51,7738.21,290.9,6156.72
198,03-May-20,14,47,198,39,1270.02,356.23,4418.81
199,04-May-20,22,14,199,98,5356.24,102.72,5333.33
200,05-May-20,4,38,200,54,8896.33,401.29,2531.68
201,06-May-20,45,41,201,24,9617.95,272.96,8225.32
202,07-May-20,38,31,202,8,1385.21,326.55,2470.29
203,08-May-20,23,20,203,80,8439.73,240.71,6684.1
204,09-May-20,17,9,204,86,9529.31,267.67,9587.45
205,10-May-20,33,47,205,86,3655.69,498.26,483.88
206,11-May-20,36,42,206,34,441.66,463.13,8725.18
207,12-May-20,32,43,207,71,7731.19,110.36,4418.52
208,13-May-20,32,9,208,25,7615.63,478.73,1612.86
209,14-May-20,12,11,209,63,6125.01,343.45,6710.83
210,15-May-20,7,30,210,22,695.92,244.87,6939.58
211,16-May-20,6,12,211,1,2385.6,374.52,2711.93
212,17-May-20,49,23,212,57,2125.05,293.17,4233.44
213,18-May-20,22,39,213,3,975.73,442.67,6966.06
214,19-May-20,18,26,214,53,7210.49,291.89,4148.29
215,20-May-20,6,13,215,87,6757.02,329.88,9382.83
216,21-May-20,15,14,216,14,8633.48,378.15,8251.98
217,22-May-20,33,36,217,68,152.58,479.02,1961.59
218,23-May-20,28,3,218,47,7905.78,331.33,1576.68
219,24-May-20,8,46,219,99,5482.49,427.91,8111.05
220,25-May-20,11,19,220,55,3548.94,407.57,1274.22
221,26-May-20,25,30,221,15,2040.87,413.14,2583.09
222,27-May-20,1,15,222,86,6664.88,362.52,6186.28
223,28-May-20,48,39,223,70,6899.52,478.22,9228.76
224,29-May-20,11,28,224,97,2170.94,272.9,2205.85
225,30-May-20,7,38,225,90,7463.76,376.91,2504.29
226,31-May-20,43,46,226,24,4675.72,212.89,9030.86
227,01-Jun-20,16,48,227,29,5749.77,288.9,4454.87
228,02-Jun-20,21,35,228,42,2768.04,474.57,9647.7
229,03-Jun-20,44,2,229,88,1563.41,451.24,9947.1
230,04-Jun-20,41,23,230,94,674.48,183.19,7314.96
231,05-Jun-20,7,22,231,15,8067.03,468.29,7623.22
232,06-Jun-20,35,13,232,89,1299.01,304.65,1997.95
233,07-Jun-20,48,1,233,52,2253.37,245.53,2420.7
234,08-Jun-20,49,24,234,58,4669.01,396.52,5881.09
235,09-Jun-20,38,32,235,29,9167.04,431.27,9757.3
236,10-Jun-20,23,43,236,52,6411.45,454.5,9385.69
237,11-Jun-20,11,50,237,9,4804.46,442.54,1912
238,12-Jun-20,1,42,238,21,8366.76,120.9,756.2
239,13-Jun-20,48,36,239,74,2660.55,485.08,8081.71
240,14-Jun-20,30,37,240,25,8744.71,459.18,2253.69
241,15-Jun-20,31,42,241,35,6930.8,418.7,8494.97
242,16-Jun-20,44,37,242,34,4165.09,423.53,7971.75
243,17-Jun-20,28,21,243,69,4833.25,382.9,6332.39
244,18-Jun-20,2,28,244,68,8907.8,140.77,6706.94
245,19-Jun-20,16,42,245,7,2468.41,392.9,8853.61
246,20-Jun-20,5,42,246,82,5280.17,167.45,4080.66
247,21-Jun-20,20,16,247,85,8494.82,168.24,698.65
248,22-Jun-20,3,34,248,88,8880.61,393.04,4305.34
249,23-Jun-20,26,12,249,8,4297.22,101.2,3409.81
250,24-Jun-20,2,2,250,92,9151.87,260.82,853.19
251,25-Jun-20,49,32,251,34,6884.44,338.23,4260.58
252,11-Apr-20,40,37,252,26,4823.39,164.92,3558.03
253,01-Sep-20,44,20,253,21,885.81,260.41,990.24
254,02-Sep-20,27,4,254,75,9825.71,241.6,4089.4
255,03-Sep-20,50,14,255,59,924.28,189.09,6167.23
256,04-Sep-20,13,9,256,25,9105.46,332.32,6033.29
257,05-Sep-20,42,20,257,69,8302.24,181.74,5158.43
258,06-Sep-20,22,18,258,84,6528.39,173.77,2952.47
259,07-Sep-20,47,18,259,84,7078.08,319.78,5355.77
260,08-Sep-20,39,37,260,21,968.7,143.48,6372.41
261,09-Sep-20,17,29,261,2,5526.93,474.45,1130.66
262,10-Sep-20,12,38,262,27,9098.43,498.87,8079.41
263,11-Sep-20,48,49,263,47,7400.1,412.01,408.37
264,12-Sep-20,24,20,264,23,8590.6,496.66,4631.58
265,13-Sep-20,8,50,265,42,5507.16,296.47,6806.26
266,14-Sep-20,25,34,266,63,8774.02,159.05,9377.89
267,15-Sep-20,28,49,267,30,2312.09,307.69,4656.23
268,16-Sep-20,37,8,268,44,8046.87,284.47,1203.61
269,17-Sep-20,4,37,269,51,8468.9,348.64,3556.48
270,18-Sep-20,36,30,270,40,5698.8,264.4,2862.49
271,02-Mar-20,11,3,271,50,2831.63,410.64,3744.66
272,07-Feb-20,38,46,272,78,9916.67,488.78,6034.64
273,08-Feb-20,19,40,273,69,8624.03,411.35,967.28
274,09-Feb-20,35,14,274,38,120.16,499.03,979.42
275,10-Feb-20,29,27,275,34,9883.07,162.33,5201.96
276,11-Feb-20,18,24,276,92,4025.48,123.64,4075.31
277,12-Feb-20,23,41,277,30,3502.63,477.3,7617.27
278,13-Feb-20,33,30,278,24,4678.57,441.87,6252.31
279,14-Feb-20,34,31,279,34,7982.59,341.12,819.1
280,15-Feb-20,45,14,280,73,7121.93,222.91,4652.46
281,16-Feb-20,4,25,281,93,4515.28,247.21,5945.78
282,17-Feb-20,34,18,282,90,2988.49,497.93,7446.82
283,18-Feb-20,15,44,283,96,9864.35,240.67,777.99
284,19-Feb-20,2,9,284,60,7389.94,326.3,8126.52
285,20-Feb-20,36,40,285,77,6534,122.79,4787.87
286,21-Feb-20,6,33,286,21,2198.13,416.47,5866.12
287,22-Feb-20,18,26,287,37,9683.21,238.74,3279.99
288,23-Feb-20,30,32,288,31,4071.74,268.47,9262.73
289,24-Feb-20,42,36,289,6,826.9,493.56,1910.28
290,25-Feb-20,29,4,290,75,8493.3,422.52,6217.66
291,26-Feb-20,34,2,291,77,9532.82,235.45,135.64
292,27-Feb-20,32,12,292,60,3554.46,306.95,2342.29
293,09-May-20,29,3,293,4,8970.52,414.17,370.8
294,01-Aug-20,4,45,294,80,2212.6,172.08,8401.63
295,05-Dec-20,46,4,295,42,6253.3,198.71,1187.75
296,06-Dec-20,6,18,296,4,1438.87,400.32,5187.48
297,07-Dec-20,31,24,297,45,6120.92,225.14,2986.98
298,08-Dec-20,40,24,298,63,977.06,152.26,7077.31
299,09-Dec-20,49,14,299,98,9463.15,133.14,6912.08
300,10-Dec-20,42,28,300,4,7784.02,204.23,2203.44
301,11-Dec-20,32,50,301,29,6371.01,252.55,1444.03
302,12-Dec-20,21,2,302,79,2006.91,110.76,4494.14
303,02-Mar-20,13,5,303,13,7271.19,447.14,2310.41
304,06-Sep-20,19,47,304,73,9861.8,417.56,6634.82
305,07-Sep-20,9,26,305,9,5712.23,414.7,7463.48
306,08-Sep-20,11,35,306,54,1264.56,148.2,3077.02
307,09-Sep-20,38,25,307,34,5857.52,118.01,3405.96
308,10-Sep-20,4,36,308,87,4208.14,126.6,2452.08
309,11-Sep-20,8,42,309,23,4741.96,244.33,1370.16
310,12-Sep-20,39,10,310,45,3304.51,440.98,5772.32
311,13-Sep-20,23,41,311,84,1531.83,465.74,9376.55
312,14-Sep-20,7,29,312,100,2820.84,206.69,6337.76
313,15-Sep-20,21,2,313,69,3399.12,210.34,7542.16
314,16-Sep-20,4,13,314,100,8702.71,372.98,3091.15
315,17-Sep-20,36,36,315,93,4039.94,466.18,3901.94
316,18-Sep-20,5,40,316,89,2174.29,397.97,4594.82
317,19-Sep-20,23,48,317,43,8164.65,385.58,6756.72
318,20-Sep-20,4,44,318,65,978.63,329.67,9411.81
319,21-Sep-20,20,18,319,57,8326.13,194.97,1217.17
320,22-Sep-20,14,6,320,40,2868.4,478.69,4795.68
321,23-Sep-20,17,37,321,78,7535.58,443.04,9832.88
322,24-Sep-20,40,32,322,60,7144.92,290.55,7554.07
323,25-Sep-20,32,10,323,97,2161.68,294.39,6019.68
324,26-Sep-20,10,3,324,8,6856.01,439.36,7818.69
325,27-Sep-20,15,1,325,4,4242.51,314.66,4575.07
326,28-Sep-20,14,32,326,79,4374.2,228.98,7506.98
327,29-Sep-20,24,7,327,86,6526.82,292.97,354.26
328,30-Sep-20,9,25,328,68,7838.16,272.28,8243.44
329,01-Oct-20,25,27,329,24,3520.14,403.89,3459.46
330,02-Oct-20,29,24,330,27,5436.92,130,9106.18
331,03-Oct-20,27,36,331,12,9379.39,289.49,3808.87
332,04-Oct-20,50,14,332,19,6981.38,129.54,9375.3
333,05-Oct-20,24,13,333,67,7896.86,279.59,9319.27
334,06-Oct-20,50,22,334,87,912.58,229.19,6242.58
335,07-Oct-20,43,49,335,99,1860.69,291.78,7847.55
336,08-Oct-20,7,43,336,77,1769.5,435.48,3894.47
337,09-Oct-20,2,47,337,95,534.43,469.17,499.17
338,10-Oct-20,23,1,338,45,315.4,197.46,9774.94
339,07-May-20,3,25,339,10,5523.91,432.92,5378.86
340,08-May-20,49,49,340,80,2602.7,467.39,5144.94
341,09-May-20,27,6,341,40,6347.68,213.81,4819.31
342,10-May-20,7,50,342,89,9834.32,183.83,1231.45
343,11-May-20,29,26,343,56,1018.18,491.39,8180.7
344,10-Jun-20,5,3,344,49,4045.19,200.83,3522
345,11-Jun-20,8,21,345,65,8771.46,140.05,9171.5
346,12-Jun-20,25,49,346,87,6562.32,216.5,8466.58
347,13-Jun-20,50,50,347,63,7790.22,147.14,3310.15
348,14-Jun-20,27,18,348,43,426.23,410.7,9929.84
349,15-Jun-20,37,19,349,44,5912.76,444.04,7833.69
350,16-Jun-20,49,26,350,16,2319.17,324.84,7483.19
351,17-Jun-20,39,24,351,49,6682.59,201.96,3073.1
352,18-Jun-20,27,16,352,67,8148.48,155.4,4254.65
353,19-Jun-20,15,25,353,42,520.68,192.33,3938.05
354,20-Jun-20,21,25,354,18,3467.89,493.04,9595.79
355,21-Jun-20,20,46,355,58,2280.35,254.58,7235.7
356,22-Jun-20,50,18,356,48,3669.11,398.99,127.67
357,23-Jun-20,40,6,357,78,6905.89,465.98,4771.26
358,24-Jun-20,36,44,358,2,5891.85,421.91,9797.39
359,25-Jun-20,45,32,359,96,5489.78,309.2,9594.49
360,26-Jun-20,18,28,360,66,2789.47,453.82,7038.69
361,27-Jun-20,22,3,361,15,587.86,192.68,9081.97
362,28-Jun-20,47,6,362,44,7399.92,189.35,5682.83
363,29-Jun-20,28,36,363,40,3760.4,357.16,7403.26
364,30-Jun-20,13,35,364,51,3269.66,227.07,6562.92
365,01-Jul-20,22,50,365,17,4973.82,287.93,6391.73
366,02-Jul-20,32,38,366,95,7596.63,263.39,2597.85
367,03-Jul-20,37,13,367,91,1553.63,389.85,9733.36
368,02-Jul-20,25,19,368,72,4950.23,217.97,9410.01
369,10-Apr-20,37,20,369,19,8632.45,393.18,3774.22
370,11-Apr-20,36,1,370,3,2890.62,404.66,9169.79
371,12-Apr-20,46,38,371,29,9141.25,325.23,9110.14
372,13-Apr-20,5,5,372,70,3141.32,118.97,4930.66
373,14-Apr-20,32,39,373,74,1411.92,167.35,5722.62
374,15-Apr-20,23,42,374,63,6780.58,143.62,2552.03
375,16-Apr-20,24,45,375,77,8603.31,221.11,4298.28
376,17-Apr-20,19,45,376,28,6687.8,221.26,1365.46
377,18-Apr-20,12,27,377,88,504.06,120.86,384.48
378,19-Apr-20,24,13,378,75,1443.75,469.16,8684.2
379,07-Aug-20,8,43,379,20,4489.59,447.14,6527.8
380,08-Aug-20,23,16,380,67,6563.98,101.1,4970.06
381,09-Aug-20,3,24,381,100,3218,349,7596.12
382,10-Aug-20,47,38,382,61,4211.32,261.62,2552.7
383,04-Mar-20,50,8,383,61,8522.05,221.01,2338.5
384,05-Mar-20,32,10,384,97,362.52,153.09,7025.86
385,06-Mar-20,5,42,385,69,6035.99,359.53,8744.59
386,07-Mar-20,45,48,386,85,1625.1,446.68,7750.25
387,08-Mar-20,13,24,387,38,2977.51,453.61,9240.96
388,09-Mar-20,49,41,388,3,2534.92,430.25,2181.78
389,10-Mar-20,1,45,389,13,6385.67,245.59,1781.4
390,11-Mar-20,22,19,390,18,3671.85,262.01,3270.99
391,12-Mar-20,24,3,391,89,6394.47,446.18,2924.09
392,13-Mar-20,36,10,392,41,4765.19,286.5,9903.73
393,14-Mar-20,33,17,393,74,3811.19,462.24,7032.79
394,15-Mar-20,27,33,394,19,5763.77,198.8,2484.02
395,16-Mar-20,48,43,395,17,942.82,304.17,5600.64
396,17-Mar-20,10,39,396,29,4023.06,365.58,7705.6
397,18-Mar-20,21,2,397,18,5651.07,386.55,4004.25
398,19-Mar-20,40,37,398,3,1367.76,269.29,4451.2
399,20-Mar-20,34,21,399,75,9336.7,338.12,7421.42
400,21-Mar-20,19,17,400,44,6137.79,432.17,297.3
401,22-Mar-20,47,25,401,69,7611.78,417.68,4612.48
402,23-Mar-20,47,24,402,45,276.35,412.46,3178.78
403,24-Mar-20,23,23,403,74,1074.73,419.58,9601.04
404,25-Mar-20,23,42,404,13,8361.95,272.04,3608.02
405,26-Mar-20,17,49,405,85,2237.89,149.25,2939.27
406,27-Mar-20,27,26,406,77,5290.89,301.36,2493.39
407,28-Mar-20,3,25,407,19,7150.5,269.06,5351.67
408,29-Mar-20,17,9,408,16,9607.34,137.14,5860.91
409,30-Mar-20,35,1,409,73,7546.6,198.19,841.92
410,31-Mar-20,9,26,410,83,7053.81,485.52,2007.97
411,01-Apr-20,42,19,411,40,5248.21,388.54,7009.75
412,02-Apr-20,12,46,412,35,4982.1,288.65,9498.83
413,03-Apr-20,28,48,413,11,9688.25,200.22,6007.42
414,04-Apr-20,9,29,414,76,2777.42,251.19,8474.02
415,05-Apr-20,6,25,415,69,6233.66,238.19,7407.16
416,06-Apr-20,25,30,416,51,6458.19,145.68,9104.03
417,07-Apr-20,18,35,417,78,5217.35,448.15,5410.06
418,08-Apr-20,4,11,418,9,8267.89,368.39,2661.78
419,09-Apr-20,16,38,419,96,7548.65,119.93,4471.72
420,10-Apr-20,21,20,420,46,1042.19,223.09,3727.95
421,11-Apr-20,40,41,421,23,6554.36,490.99,3571.63
422,12-Apr-20,45,33,422,100,1163.89,225.81,8056.71
423,13-Apr-20,22,13,423,94,3784.76,319.16,7386.47
424,14-Apr-20,34,21,424,9,1787.1,438.07,3630.12
425,15-Apr-20,18,17,425,98,2023.66,487.17,1569.83
426,16-Apr-20,12,23,426,63,8946.45,496.58,990.95
427,17-Apr-20,23,21,427,48,870.39,258.47,8184.38
428,18-Apr-20,13,41,428,67,8338.61,482.23,8385.07
429,19-Apr-20,9,23,429,43,9761.27,327.76,9259.56
430,02-Feb-20,10,23,430,31,7322.35,216.47,3140.57
431,03-Feb-20,33,49,431,39,3268.18,407.73,2363.03
432,04-Feb-20,32,7,432,81,1233.55,201.26,153.62
433,05-Feb-20,17,48,433,19,9307.11,241.76,1833.41
434,06-Feb-20,22,27,434,12,5683.69,401.36,7003.68
435,07-Feb-20,15,43,435,87,6914.26,298.02,4812.04
436,08-Feb-20,3,29,436,59,7576.32,468.52,5839.28
437,09-Feb-20,3,49,437,30,2684.02,105.62,6551.47
438,10-Feb-20,29,47,438,73,2484.54,175.14,6819.86
439,11-Feb-20,34,37,439,42,441.07,337.85,9494.45
440,12-Feb-20,3,4,440,79,1870.1,477.11,6934.43
441,13-Feb-20,23,24,441,26,1219.83,222.15,1024.19
442,14-Feb-20,5,46,442,71,5804.44,196.81,3952.37
443,15-Feb-20,24,30,443,65,9888.8,146.75,8712
444,16-Feb-20,5,33,444,8,3483.17,286.82,681.03
445,17-Feb-20,6,26,445,73,1613.7,112.67,1259.72
446,18-Feb-20,26,16,446,99,9434.02,348.82,490.67
447,19-Feb-20,4,3,447,28,572.97,118.9,6961.81
448,20-Feb-20,8,10,448,61,254.86,320.18,160.17
449,21-Feb-20,20,28,449,66,854.93,261.61,4840.85
450,22-Feb-20,25,31,450,40,9921.65,304.99,4740.15
451,23-Feb-20,30,31,451,72,8859.88,123.2,162.19
452,24-Feb-20,14,33,452,95,5425.82,174.18,5011.46
453,25-Feb-20,44,35,453,9,3263.88,148.3,1972.52
454,12-Nov-20,4,10,454,40,9857.02,357.22,9964.6
455,13-Nov-20,34,36,455,43,7487.68,471.94,4175.84
456,14-Nov-20,10,40,456,9,117.47,311.96,7298.07
457,15-Nov-20,30,4,457,54,5350.23,354.29,7616.29
458,16-Nov-20,18,1,458,18,3865.76,341.42,2401.75
459,17-Nov-20,8,7,459,61,4848.1,272.49,223.97
460,18-Nov-20,40,41,460,8,5891.2,307.66,3377.75
461,19-Nov-20,13,39,461,89,119.64,383.06,4953.64
462,20-Nov-20,13,16,462,69,6414.59,416.38,4105.05
463,21-Nov-20,32,40,463,77,5500.86,426.47,7035.98
464,22-Nov-20,5,1,464,33,2274.15,176.49,719.27
465,23-Nov-20,50,17,465,29,1153.25,175.46,6138.87
466,24-Nov-20,41,11,466,72,5791.54,177.41,9712.79
467,25-Nov-20,46,4,467,78,4290.23,285.4,5565.18
468,26-Nov-20,17,24,468,21,2099.66,379.65,2890.63
469,27-Nov-20,44,21,469,11,9225.96,207.91,1322.69
470,28-Nov-20,21,31,470,64,463.19,114.89,6602.45
471,29-Nov-20,38,10,471,35,9973.9,468.7,9526.45
472,30-Nov-20,10,45,472,58,7275.68,399.11,4041.77
473,01-Dec-20,50,18,473,74,728.11,353.66,9346.79
474,02-Dec-20,19,27,474,10,1355.09,232.95,3007.49
475,08-Apr-20,42,41,475,97,9334.68,351.54,9118.9
476,05-Dec-20,30,41,476,52,2253.26,385.23,7844.72
477,11-Oct-20,15,25,477,55,3780.85,444.25,4002.32
478,01-Jul-20,16,7,478,96,6509.93,112.62,4580.62
479,02-Jul-20,47,32,479,15,2481.92,383.75,2875.85
480,03-Jul-20,17,29,480,99,2870.3,102.97,9433.17
481,04-Jul-20,35,26,481,44,4666.67,151.15,8626.71
482,05-Jul-20,49,10,482,19,1764.32,222.86,1920.25
483,06-Jul-20,25,7,483,61,4588.46,487.3,1957.57
484,07-Jul-20,3,25,484,74,8364.23,396.49,2001.18
485,08-Jul-20,17,12,485,58,7622.45,442.6,426.28
486,09-Jul-20,12,21,486,67,6254.27,326.27,3495.94
487,10-Jul-20,11,50,487,67,733.24,489.29,7487.07
488,11-Jul-20,35,24,488,52,4933.73,358.64,4490.73
489,12-Jul-20,6,27,489,68,410.66,192.96,5256.91
490,13-Jul-20,19,29,490,71,6964.07,268.37,4589.08
491,14-Jul-20,48,39,491,43,2030.56,238.91,3030.02
492,15-Jul-20,1,15,492,4,7305.61,146.78,5685.3
493,16-Jul-20,6,36,493,59,9526.8,229.07,9108.9
494,17-Jul-20,6,12,494,81,1970.3,398.25,130.89
495,18-Jul-20,38,39,495,33,4589.08,401.56,171.61
496,19-Jul-20,6,6,496,96,1812.52,169.44,7766.95
497,20-Jul-20,5,21,497,45,1472.96,437.69,945.47
498,21-Jul-20,12,9,498,67,4720.89,295.12,2398.31
499,22-Jul-20,27,4,499,21,348.3,369.32,7339.75
500,23-Jul-20,4,35,500,85,4549.84,229.15,7257.67
501,24-Jul-20,19,9,501,41,8972.42,207.56,540.63
502,25-Jul-20,30,44,502,34,1821.34,107.58,4434.52
503,26-Jul-20,13,30,503,95,2971.07,328.52,7301.15
504,27-Jul-20,1,47,504,51,6316.63,404.62,4668.17
505,28-Jul-20,36,13,505,79,6920.05,370.57,3130.08
506,29-Jul-20,4,34,506,12,7124.95,111.93,486.43
507,30-Jul-20,32,25,507,24,1931.33,101.41,845.88
508,31-Jul-20,9,32,508,98,1253.41,191.62,3826.18
509,01-Aug-20,6,31,509,37,934.03,158.9,7506.23
510,02-Aug-20,43,42,510,68,3333.58,197.12,5700.7
511,03-Aug-20,12,49,511,40,302.11,422.1,7512.83
512,04-Aug-20,23,2,512,13,4672.69,238.46,7671.48
513,05-Aug-20,16,4,513,38,3427.62,405.01,7770.65
514,06-Aug-20,22,45,514,99,7063.72,238.65,663.99
515,07-Aug-20,25,19,515,41,8226.37,244.53,4625.46
516,08-Aug-20,48,14,516,93,9672.59,222.24,558.4
517,09-Aug-20,5,4,517,79,2382.91,468.6,2018.83
518,10-Aug-20,1,25,518,3,5480.59,186.92,7551.82
519,11-Aug-20,23,50,519,39,9790.73,487.31,6134.6
520,12-Aug-20,42,11,520,79,1972.5,253.6,5085.64
521,13-Aug-20,41,17,521,47,3040.79,367.23,1452.99
522,14-Aug-20,16,11,522,89,4908.67,349.18,2714.29
523,15-Aug-20,6,6,523,43,6982.81,358.02,7420.88
524,16-Aug-20,10,18,524,72,252.55,286.3,7748.89
525,17-Aug-20,23,14,525,23,9174.5,323.36,3822.21
526,09-Sep-20,37,12,526,63,9377.29,390.13,6363.01
527,10-Sep-20,36,42,527,14,2550.81,497.46,6336.47
528,11-Sep-20,17,31,528,14,9551.49,178.4,5528.28
529,12-Sep-20,39,14,529,70,2085.74,238.48,9645.92
530,13-Sep-20,33,10,530,9,6524.04,224.96,5495.34
531,14-Sep-20,37,50,531,87,3762.38,163.16,4910.31
532,15-Sep-20,7,14,532,100,5023.91,195.96,7349.8
533,16-Sep-20,37,47,533,68,9109,362.09,7654.82
534,17-Sep-20,29,11,534,28,3611.32,131.43,9300.35
535,18-Sep-20,35,26,535,31,3006.16,493.58,8020.06
536,19-Sep-20,5,33,536,10,2916.12,391.75,6076.46
537,20-Sep-20,31,4,537,91,8116.84,280.58,1435.39
538,21-Sep-20,22,23,538,24,1377.31,436.39,2648.2
539,22-Sep-20,44,33,539,54,781.21,319.36,5525.98
540,23-Sep-20,28,36,540,35,1054.37,168.89,2348.61
541,24-Sep-20,30,21,541,88,8059.1,319.1,1655.47
542,25-Sep-20,39,18,542,63,7048.87,362.02,1152.49
543,26-Sep-20,16,28,543,2,478.37,206.62,9349.51
544,27-Sep-20,34,5,544,8,1030.23,381.96,2758.44
545,28-Sep-20,46,43,545,23,7802.57,450.44,5262.65
546,29-Sep-20,18,17,546,81,5652.59,119.87,1704.84
547,30-Sep-20,48,12,547,34,7601.85,204.96,8065.44
548,01-Oct-20,4,8,548,52,183.45,209.14,2061.86
549,02-Oct-20,34,8,549,65,9671.55,195.82,7587.05
550,03-Oct-20,43,17,550,38,7626.67,435.85,6559.74
551,04-Oct-20,49,16,551,87,9546.23,328.76,5501.86
552,05-Oct-20,2,5,552,85,7221.17,200.26,6729.04
553,06-Oct-20,20,3,553,57,1735.65,188.32,4308.63
554,07-Oct-20,16,15,554,20,3660.28,160.98,8670.69
555,08-Oct-20,50,43,555,40,2190.64,380.88,3268.87
556,09-Oct-20,19,40,556,49,2466.64,389.36,5349.98
557,10-Oct-20,13,44,557,32,5448.52,404.91,2973.55
558,11-Oct-20,23,39,558,52,5493.89,424.22,9405.99
559,12-Oct-20,12,9,559,38,9519.1,142.23,636.22
560,13-Oct-20,3,6,560,91,2312.78,329.09,1461.98
561,14-Oct-20,41,35,561,87,8457.06,119.52,3013.49
562,15-Oct-20,40,40,562,87,5458.35,117.49,2113.07
563,16-Oct-20,4,36,563,49,2223.65,306.52,5358.77
564,17-Oct-20,7,45,564,91,7352.47,191.17,5517.4
565,18-Oct-20,45,20,565,63,7697,421.18,408.26
566,19-Oct-20,18,38,566,54,6918.81,327.7,7461.6
567,20-Oct-20,46,49,567,56,5312.15,285.55,7017.03
568,21-Oct-20,18,26,568,32,8771.8,362.25,7042.93
569,22-Oct-20,50,19,569,60,4977.44,126.15,3112.57
570,23-Oct-20,36,44,570,48,7414.35,204.53,1716.4
571,24-Oct-20,12,12,571,25,3926.01,472.32,1650.52
572,25-Oct-20,3,12,572,92,1421.09,466,4307.59
573,26-Oct-20,50,18,573,35,9989.07,155.38,9841.83
574,27-Oct-20,20,27,574,29,820.61,410.77,5300.98
575,28-Oct-20,2,49,575,64,2721.03,324.64,6377.9
576,29-Oct-20,5,23,576,93,2162.2,323.61,1466.32
577,30-Oct-20,1,16,577,18,3916.37,153.02,1553.3
578,31-Oct-20,41,6,578,85,6773.4,220.75,4385.42
579,01-Nov-20,4,11,579,1,8440.91,301.8,4958.47
580,02-Nov-20,18,33,580,56,5322.92,281.02,959.24
581,03-Nov-20,32,39,581,5,8621.62,144.74,7896.27
582,04-Nov-20,50,1,582,77,8433.81,301.64,402.55
583,05-Nov-20,12,5,583,11,3889.58,200.32,6267.88
584,06-Nov-20,34,15,584,98,3061.54,179.89,1295.04
585,07-Nov-20,1,16,585,32,3358.09,189.73,6760.72
586,08-Nov-20,35,47,586,39,2423.46,433.65,5255.43
587,09-Nov-20,9,43,587,22,909.59,393.95,6913.63
588,10-Nov-20,44,41,588,8,7638.47,327.03,9805.58
589,11-Nov-20,44,24,589,51,2129.1,344.73,6570.92
590,12-Nov-20,19,3,590,22,795.88,212.29,6024.93
591,13-Nov-20,25,5,591,86,7026.03,371.64,4626.06
592,14-Nov-20,43,16,592,13,9328.14,369.67,4138.38
593,15-Nov-20,45,20,593,52,9780.72,397.49,7238.94
594,16-Nov-20,39,46,594,19,879.65,198.1,7474.21
595,07-Nov-20,4,32,595,12,5067.58,115.33,3128.9
596,09-Aug-20,48,28,596,44,9351.02,385.72,6378.64
597,07-Oct-20,39,17,597,97,7394.59,466.23,2810.43
598,08-Oct-20,45,29,598,15,1491.75,257.77,7013.63
599,09-Oct-20,14,8,599,1,1096.27,412.79,3736.19
600,10-Oct-20,16,20,600,71,1013.3,475.5,1119.31
601,11-Oct-20,19,47,601,55,1633.33,326.03,9479.56
602,12-Oct-20,18,21,602,79,8669.47,386.73,2344.98
603,13-Oct-20,12,48,603,98,4266.65,402.31,9793.32
604,14-Oct-20,32,20,604,69,4514.76,129.95,5403.03
605,15-Oct-20,34,45,605,50,8353.71,194.14,4011.57
606,16-Oct-20,35,3,606,61,7174.12,327.1,6942.96
607,17-Oct-20,48,28,607,61,9655.32,142.67,4653.04
608,18-Oct-20,45,5,608,61,8823.85,379.14,1183.67
609,19-Oct-20,32,44,609,85,7515.95,307.13,5228.15
610,20-Oct-20,8,14,610,45,8348.06,265.71,6341.01
611,21-Oct-20,47,40,611,11,757.67,157.53,3024.81
612,22-Oct-20,5,23,612,33,6840.32,496.21,277.87
613,23-Oct-20,26,3,613,47,8498.43,328.17,2158.67
614,24-Oct-20,25,11,614,35,4941.98,310.16,4978.56
615,25-Oct-20,1,10,615,21,6578.74,324.75,5202.61
616,26-Oct-20,5,42,616,3,2798.28,155,8264.41
617,27-Oct-20,25,11,617,74,1485.06,374.91,182.57
618,28-Oct-20,28,26,618,21,3600.65,185.3,8089.09
619,29-Oct-20,45,33,619,26,1183.46,120.57,5200.9
620,30-Oct-20,48,43,620,79,1155.32,424.36,2859.51
621,31-Oct-20,41,41,621,29,6127.89,325.88,3407.58
622,01-Nov-20,8,41,622,32,1422.64,427.26,7363.98
623,02-Nov-20,28,33,623,74,8843.59,465.32,9473.99
624,03-Nov-20,9,9,624,75,8287.74,266.12,9402.31
625,04-Nov-20,25,48,625,98,6091.11,282.34,2588.15
626,05-Nov-20,37,44,626,18,3806.54,496.2,8811.41
627,06-Nov-20,3,1,627,53,8297.65,105.67,9893.57
628,07-Nov-20,11,41,628,41,489.28,218.05,2184.54
629,08-Nov-20,42,7,629,6,2294.11,212.33,2072.31
630,09-Nov-20,44,4,630,62,5054.06,243.72,1062.65
631,10-Nov-20,15,46,631,7,493.09,459.63,131.5
632,11-Nov-20,1,28,632,22,9996.94,341.18,2427.29
633,12-Nov-20,34,27,633,70,1496.62,371.7,6946.61
634,13-Nov-20,42,3,634,27,2073.58,415.07,3464.09
635,14-Nov-20,5,37,635,75,3455.01,437.24,342.33
636,15-Nov-20,32,42,636,49,4746.06,238.23,1315.06
637,16-Nov-20,25,24,637,56,1782.69,192.59,8416.62
638,17-Nov-20,36,32,638,58,263.32,218.74,5656.32
639,18-Nov-20,11,45,639,3,5048.05,243.69,6134.21
640,19-Nov-20,36,48,640,87,8658.64,393.7,4189.21
641,20-Nov-20,39,49,641,2,6229.29,341.65,3847.46
642,21-Nov-20,42,50,642,77,1559.46,232.84,6359.86
643,22-Nov-20,21,19,643,54,4790.42,216.8,2454.35
644,23-Nov-20,12,26,644,93,7376.3,195.11,170.33
645,24-Nov-20,4,2,645,93,7584.13,234.3,8441.87
646,25-Nov-20,4,12,646,27,7897.22,264.79,5260.73
647,26-Nov-20,49,38,647,31,3990.92,243.1,237.32
648,27-Nov-20,49,17,648,81,3947.96,471.76,9594.06
649,28-Nov-20,17,16,649,1,5004.29,450.71,1584.97
650,29-Nov-20,10,45,650,84,373.85,479.82,5643.88
651,30-Nov-20,12,24,651,49,6935.59,373.54,9300.17
652,01-Dec-20,5,45,652,87,4563.12,246.42,2201.53
653,02-Dec-20,47,9,653,59,3177.19,452.46,4371.91
654,03-Dec-20,10,44,654,24,9154.99,242.65,3725.18
655,04-Dec-20,17,37,655,85,880.95,284.98,4383.66
656,05-Dec-20,44,14,656,79,5864.59,445.16,4682.17
657,06-Dec-20,18,20,657,32,8670.64,474.91,7252.7
658,07-Dec-20,40,19,658,49,6059.59,165.55,8108.28
659,08-Dec-20,25,16,659,42,6741.45,297.24,5331.76
660,09-Dec-20,29,24,660,63,9598.37,109.45,728.63
661,10-Dec-20,14,15,661,64,4525.26,485.01,8863.78
662,11-Dec-20,41,23,662,4,635.75,197.79,9667.1
663,12-Dec-20,12,35,663,33,6613.9,272.23,3851.25
664,13-Dec-20,6,50,664,13,4208.75,200.09,9345.21
665,14-Dec-20,14,41,665,54,6017.36,443.17,2455.65
666,15-Dec-20,41,13,666,9,8909.6,183.94,9684.88
667,16-Dec-20,33,37,667,98,8603.05,465.12,1922.26
668,17-Dec-20,38,9,668,49,5436.77,305.24,8451.22
669,18-Dec-20,29,48,669,43,9896.29,243.64,5982.44
670,19-Dec-20,8,38,670,36,1781.72,186.5,4356.58
671,20-Dec-20,26,19,671,29,8651.3,222.7,6797.93
672,21-Dec-20,40,39,672,13,3941,224.72,1481.16
673,22-Dec-20,27,15,673,38,5649.99,224.45,5455.68
674,23-Dec-20,24,21,674,38,3126.81,135.85,6122.89
675,24-Dec-20,14,32,675,44,1659.07,114.66,6328.44
676,25-Dec-20,2,16,676,69,7341.7,430.48,5025.65
677,26-Dec-20,35,43,677,50,2855.16,118.05,4619.9
678,27-Dec-20,11,6,678,62,6368.28,289.83,5199.27
679,28-Dec-20,31,39,679,25,3372.81,269.18,9505.36
680,29-Dec-20,24,3,680,50,519.99,273.11,1849.27
681,30-Dec-20,9,36,681,98,672.4,183.74,6721.12
682,31-Dec-20,13,35,682,13,5606.16,189.05,6211.87
683,01-Jan-21,34,44,683,86,8049.67,117.74,7324.79
684,02-Jan-21,15,19,684,72,6845.38,404.1,5899.52
685,03-Jan-21,37,33,685,18,2314.96,180.24,8425.94
686,04-Jan-21,18,7,686,32,6660.58,317.57,5984.85
687,05-Jan-21,39,6,687,18,1431.01,231.01,3643.05
688,06-Jan-21,42,30,688,86,965.22,375.62,2568.17
689,07-Jan-21,7,34,689,34,3523.55,376.81,8050.79
690,08-Jan-21,33,24,690,38,7453.53,415.42,117.99
691,09-Jan-21,23,11,691,22,993.68,450.87,2174.53
692,10-Jan-21,12,45,692,83,9924.28,123.84,7920.8
693,11-Jan-21,12,25,693,6,8304.19,224.25,5562.52
694,12-Jan-21,27,36,694,34,7389.76,106.14,3423.08
695,13-Jan-21,9,4,695,1,7872.08,349.75,2073.25
696,14-Jan-21,43,15,696,9,7119.88,108.28,9898.91
697,15-Jan-21,13,3,697,60,6267.25,156.61,532.69
698,16-Jan-21,26,35,698,80,6206.21,323.18,6041.37
699,17-Jan-21,47,46,699,67,3618.06,157.11,142.74
700,18-Jan-21,33,35,700,28,4302.5,159.04,5812.77
701,19-Jan-21,42,16,701,53,593.17,491.21,3025.27
702,20-Jan-21,44,6,702,100,5899.79,309.64,3955.24
703,21-Jan-21,37,43,703,33,7560.54,187.54,4724.54
704,22-Jan-21,26,15,704,60,8169.53,234.13,1775.35
705,23-Jan-21,15,39,705,91,6583.94,226.56,7404.78
706,24-Jan-21,31,44,706,18,1441.27,206.38,3087.65
707,25-Jan-21,26,33,707,31,9922.14,186.81,184.76
708,26-Jan-21,24,8,708,60,6786.88,364.66,5025.58
709,27-Jan-21,41,10,709,89,5317.42,475.8,7431.33
710,28-Jan-21,20,1,710,5,5981.11,119.08,3959.2
711,29-Jan-21,18,12,711,59,3445.5,299.05,1000.18
712,30-Jan-21,6,49,712,5,130.09,181.58,6398.85
713,31-Jan-21,5,28,713,41,2225.42,420.88,9849.48
714,01-Feb-21,17,38,714,59,6944.73,343.63,8698.14
715,02-Feb-21,23,45,715,6,1999.78,137.84,5074.89
716,03-Feb-21,48,32,716,97,3721.94,211.18,1129.41
717,04-Feb-21,24,10,717,40,3253.93,278.27,8722.8
718,05-Feb-21,18,7,718,30,8130.48,353.08,4686.93
719,06-Feb-21,16,39,719,54,852.14,395.05,8155.99
720,05-Jul-20,42,46,720,27,1450.4,450.53,7757.24
721,06-Jul-20,21,19,721,30,9712.09,255.06,3048.5
722,07-Jul-20,13,11,722,36,6670.16,322.49,6222.17
723,08-Jul-20,22,38,723,23,8756.9,167.31,565.66
724,09-Jul-20,50,16,724,60,7658.64,363.87,5107.58
725,10-Jul-20,38,39,725,14,7464.59,462.57,7627.97
726,11-Jul-20,46,17,726,40,7148.18,477.36,852.17
727,12-Jul-20,19,8,727,18,8482.66,113.01,9471.16
728,13-Jul-20,21,38,728,73,9146.23,468.3,1355.42
729,14-Jul-20,36,15,729,80,4054.08,128.64,4366.78
730,15-Jul-20,40,18,730,36,2148.39,196.95,1300.15
731,16-Jul-20,5,36,731,57,2817.99,143.03,150.48
732,17-Jul-20,1,32,732,74,1488.37,465.08,3353.57
733,18-Jul-20,9,34,733,81,815.39,110.49,5353.95
734,19-Jul-20,30,23,734,86,3891.19,146.35,1055.81
735,20-Jul-20,42,47,735,6,5359.89,369.98,5059.56
736,21-Jul-20,41,42,736,68,6836.91,152.22,7128.34
737,22-Jul-20,9,37,737,11,3954.49,409.33,3986.97
738,23-Jul-20,28,6,738,96,1203.11,437.81,7850.41
739,24-Jul-20,46,33,739,34,8987.42,340.45,3165.51
740,25-Jul-20,40,29,740,44,7577.71,195.53,9572.43
741,26-Jul-20,12,8,741,35,7296.96,445.2,9926.16
742,27-Jul-20,8,50,742,20,3126.44,485.94,9123.41
743,28-Jul-20,36,6,743,8,4556.31,382.94,303.26
744,29-Jul-20,44,23,744,2,3532.4,498.15,7269.96
745,30-Jul-20,12,3,745,79,5571.97,416.5,8680.85
746,31-Jul-20,6,11,746,84,9746.31,186.21,348.18
747,01-Aug-20,7,31,747,15,6952.37,198.46,817.73
748,02-Aug-20,6,10,748,43,5290.17,187.53,6214.57
749,03-Aug-20,43,50,749,24,1866.7,284.75,620.84
750,04-Aug-20,40,22,750,35,4745.41,307.06,7172.63
751,05-Aug-20,24,10,751,84,1878.61,149.45,3480.41
752,06-Aug-20,25,12,752,23,2262.26,272.41,6333.17
753,07-Aug-20,46,26,753,41,4377.47,483.87,6394.73
754,08-Aug-20,35,26,754,96,8663.91,176.22,5849.97
755,09-Aug-20,28,35,755,49,2987.81,123.85,2937.37
756,10-Aug-20,28,4,756,35,9591.77,381.51,1483.89
757,11-Aug-20,49,6,757,57,8063.03,370.74,2565.02
758,12-Aug-20,19,4,758,75,9224.03,131.12,4507.79
759,13-Aug-20,6,41,759,58,3942.81,238.8,7778.19
760,14-Aug-20,13,37,760,17,421.31,310.35,3542.47
761,15-Aug-20,21,38,761,41,4247.88,413.97,1308.4
762,16-Aug-20,41,34,762,18,1907.45,269.33,7891.92
763,17-Aug-20,46,39,763,99,9417.46,109.52,3541.02
764,18-Aug-20,8,12,764,8,8906.4,170.14,6566.18
765,19-Aug-20,44,50,765,16,8581.86,247.38,3607.83
766,20-Aug-20,12,39,766,23,3465.1,455.07,4631.74
767,21-Aug-20,22,38,767,46,2738.82,198.5,7729.94
768,04-Aug-20,4,40,768,71,2578.22,158.97,407.49
769,05-Aug-20,23,21,769,46,1651.22,137.52,6313.7
770,06-Aug-20,33,42,770,39,501.37,104.04,6509.72
771,07-Aug-20,42,43,771,54,3861.77,272.77,3563.4
772,08-Aug-20,16,46,772,67,273.65,477.47,7618.4
773,09-Aug-20,49,13,773,44,9563.47,142.3,6603.11
774,10-Aug-20,39,27,774,62,3227.57,352.05,6579.02
775,11-Aug-20,14,32,775,66,7802.43,452.71,521.4
776,12-Aug-20,46,10,776,98,6400.69,289.07,6370.82
777,13-Aug-20,21,2,777,20,9937.86,250.54,4324.46
778,14-Aug-20,36,9,778,86,6926.11,499.04,3868.97
779,15-Aug-20,37,21,779,95,9303.36,270.21,7221.68
780,16-Aug-20,1,6,780,26,167.49,432.9,5010.41
781,17-Aug-20,2,16,781,75,4002.05,175.03,1194.65
782,18-Aug-20,21,24,782,85,1753.38,103.13,2503.41
783,19-Aug-20,12,19,783,75,5860.58,409.41,5372.72
784,20-Aug-20,22,49,784,34,2437.12,247.62,4203.9
785,21-Aug-20,50,9,785,30,9903.49,173.29,5775.98
786,22-Aug-20,11,4,786,31,1894.1,101.98,8833.62
787,23-Aug-20,49,45,787,67,9604.3,295.41,7992.79
788,24-Aug-20,6,31,788,75,7291.65,386.07,2368.26
789,25-Aug-20,18,7,789,8,9920.69,319.06,6453.15
790,26-Aug-20,23,13,790,59,8790.43,419.28,9804
791,27-Aug-20,25,14,791,28,8260.93,491.47,9634.73
792,28-Aug-20,41,50,792,93,6795.14,197.86,3459.72
793,29-Aug-20,27,7,793,33,4033.08,453.92,1632.17
794,30-Aug-20,8,6,794,50,955.3,398.9,1728.96
795,31-Aug-20,31,12,795,75,3079.5,413.97,7353.07
796,01-Sep-20,32,11,796,80,7456.03,106.75,1870.17
797,02-Sep-20,18,12,797,71,899.23,384.78,7482.85
798,03-Sep-20,8,6,798,62,9095.86,490.26,3133.76
799,04-Sep-20,42,11,799,19,9922.45,280.73,7880.32
800,05-Sep-20,20,36,800,44,1417.15,395.27,8798.47
801,06-Sep-20,4,44,801,57,2344.47,377.58,9387.96
802,07-Sep-20,28,44,802,16,8778.13,245.61,5586.34
803,08-Sep-20,6,14,803,3,5450.06,202.63,1339.77
804,09-Sep-20,14,19,804,66,4609.58,255.2,4051.89
805,10-Sep-20,13,42,805,38,7709.76,196.17,7998.75
806,11-Sep-20,10,39,806,18,4414.14,426.1,1314.48
807,12-Sep-20,15,12,807,45,532.65,232.33,6051.38
808,13-Sep-20,4,10,808,73,7565.48,117.26,7357.22
809,14-Sep-20,31,30,809,11,7499.12,333.49,9224.15
810,15-Sep-20,23,30,810,89,6864.04,474.63,5073.83
811,16-Sep-20,38,8,811,51,6565.64,273.82,4423.72
812,17-Sep-20,15,35,812,25,9164.79,296.32,3527.12
813,18-Sep-20,34,6,813,5,3247.87,386.88,1222.77
814,19-Sep-20,19,41,814,72,2962.41,279.78,5982.24
815,20-Sep-20,9,33,815,4,4932.92,492.63,6587.5
816,21-Sep-20,38,47,816,57,3466.46,325.96,8453.24
817,22-Sep-20,40,20,817,2,7124.3,413.54,1464.72
818,23-Sep-20,20,47,818,56,2461.99,253.55,8161.07
819,24-Sep-20,16,14,819,59,1207.01,273.99,6812.61
820,25-Sep-20,48,11,820,97,8469.75,400.01,1805.33
821,26-Sep-20,40,18,821,73,644.35,239.08,3303.3
822,27-Sep-20,8,7,822,58,9676.12,175.69,6080.06
823,28-Sep-20,5,46,823,51,608.23,106.69,382.91
824,29-Sep-20,7,50,824,24,1661.22,444.68,1133.3
825,30-Sep-20,46,24,825,1,8299.77,419.84,5555.99
826,01-Oct-20,32,38,826,97,8597.09,175.9,6133.6
827,02-Oct-20,15,27,827,12,7595.66,427.05,6848.73
828,03-Oct-20,13,3,828,13,968.81,291.63,2487.23
829,04-Oct-20,47,5,829,33,6240.39,191.53,5821.22
830,05-Oct-20,21,37,830,24,3575.28,146.74,6785.07
831,06-Oct-20,41,12,831,67,4362.66,465.93,7374.75
832,07-Oct-20,39,24,832,3,2589.25,452.01,8011.32
833,08-Oct-20,30,19,833,51,8251.44,337.17,1328.06
834,09-Oct-20,15,17,834,2,9950.04,320.37,5476.51
835,10-Oct-20,8,37,835,99,229.35,420.43,4588.36
836,11-Oct-20,32,28,836,66,8796.17,131.96,5742.32
837,12-Oct-20,21,14,837,94,5707.53,331.14,7745.61
838,13-Oct-20,29,36,838,47,8001.22,219.84,9067.08
839,14-Oct-20,18,40,839,2,6078.62,440.16,6689.46
840,15-Oct-20,43,16,840,82,4732.19,160.95,6027.54
841,16-Oct-20,7,26,841,48,4474.77,330.82,7833.36
842,17-Oct-20,24,32,842,29,6518.85,314.19,3201.3
843,18-Oct-20,24,43,843,23,6643.52,312.54,917.68
844,19-Oct-20,5,29,844,37,9392.35,294.94,7995.85
845,20-Oct-20,32,34,845,43,6069.54,211.79,2375.44
846,21-Oct-20,33,49,846,72,9414.85,315.57,1461.21
847,22-Oct-20,18,37,847,68,550.74,469.44,1396.79
848,23-Oct-20,28,25,848,99,3513.36,403.6,7842.57
849,24-Oct-20,2,49,849,20,8300.31,489.81,6862.76
850,25-Oct-20,16,28,850,13,2404.14,192.92,3049.52
851,26-Oct-20,8,22,851,44,2171.88,342.76,7359.19
852,27-Oct-20,7,42,852,85,1883.73,196.92,2282.18
853,28-Oct-20,50,14,853,56,5527.87,266.98,6610.12
854,29-Oct-20,47,39,854,27,6289.75,445.39,7154.73
855,30-Oct-20,7,42,855,57,3751.7,244.12,539.18
856,31-Oct-20,11,23,856,88,2091.33,255.5,4014.49
857,01-Nov-20,1,15,857,74,1713.23,251.13,2768.81
858,02-Nov-20,5,26,858,50,633.83,494.57,8614.54
859,03-Nov-20,43,23,859,85,2061.28,137.58,9153.47
860,04-Nov-20,38,20,860,27,5812.95,182.09,2631.09
861,05-Nov-20,17,27,861,86,1758.34,165.53,1814.37
862,06-Nov-20,48,49,862,85,7663.9,131.68,3521.78
863,07-Nov-20,19,44,863,32,4762.54,443.43,4212.2
864,08-Nov-20,47,38,864,43,5597.2,360.1,2885.59
865,09-Nov-20,45,3,865,10,7516,366.97,904.24
866,10-Nov-20,13,27,866,39,657.75,448.3,9831.07
867,11-Nov-20,9,21,867,65,9832.46,377.79,2031.46
868,12-Nov-20,20,20,868,66,202.51,354.5,1305.8
869,13-Nov-20,3,14,869,21,2985.14,437.99,5363.07
870,14-Nov-20,30,48,870,57,719.34,151.61,1275.62
871,15-Nov-20,39,12,871,100,3299.2,395.06,1920.15
872,16-Nov-20,11,18,872,52,5641.31,209.57,5696.43
873,17-Nov-20,31,15,873,13,3385.82,253.17,7330.51
874,18-Nov-20,34,2,874,9,3389.86,125.61,4680.63
875,19-Nov-20,48,25,875,43,9800.17,474.08,9995.58
876,20-Nov-20,45,21,876,3,5676.85,358.39,4908.58
877,21-Nov-20,5,5,877,14,7975.76,328.69,6696.49
878,22-Nov-20,24,22,878,74,3468.08,350.75,8449.53
879,23-Nov-20,29,35,879,69,8828.74,333.98,9401.41
880,24-Nov-20,22,1,880,96,7460.07,139.21,151.15
881,25-Nov-20,25,19,881,44,2414.36,413.45,966.58
882,26-Nov-20,4,14,882,39,2164.04,141.46,2556.81
883,27-Nov-20,42,50,883,94,4753.54,495.64,9012.92
884,28-Nov-20,31,10,884,94,1189.95,214.55,6643.08
885,04-May-20,9,16,885,81,4808.7,106.55,7875.49
886,05-May-20,8,30,886,83,3437.24,396.77,9123.97
887,06-May-20,11,27,887,23,4282.46,461.49,5814.27
888,07-May-20,38,10,888,58,3364.11,157.93,6494.66
889,08-May-20,10,47,889,27,9045.89,105.09,500.98
890,09-May-20,7,24,890,45,3946.81,277.23,6273.92
891,10-May-20,35,19,891,13,3057.24,167.54,4243.22
892,11-May-20,44,18,892,44,5220.39,231.43,1560.85
893,12-May-20,31,49,893,44,5971.3,411.53,818.16
894,13-May-20,11,40,894,6,4168.83,101.34,9186.49
895,14-May-20,35,2,895,85,6208.19,194.44,5895.01
896,15-May-20,28,31,896,59,9635.24,233.25,3855.58
897,16-May-20,17,14,897,4,6572,405.57,1036.02
898,17-May-20,30,36,898,49,191.15,215.73,2931.09
899,18-May-20,29,22,899,94,7231.46,440.56,4907.94
900,19-May-20,35,11,900,62,4913.21,499.74,3348.93
901,20-May-20,31,15,901,52,4353.81,413.45,7590.85
902,21-May-20,5,7,902,12,9074.83,456.85,9464.88
903,22-May-20,48,7,903,72,3904.38,166.91,7763.77
904,23-May-20,3,48,904,20,9058.29,220.76,7515.67
905,24-May-20,43,40,905,55,868.77,431.67,1687.25
906,25-May-20,42,14,906,89,9063.77,467.84,1852.31
907,26-May-20,41,37,907,3,4649.03,122.75,4247.17
908,27-May-20,19,2,908,74,9238.5,483.98,8091.85
909,28-May-20,22,29,909,86,9798.44,262.06,1114.3
910,29-May-20,10,29,910,35,7044.25,460.96,1023.99
911,30-May-20,21,46,911,73,6719.65,215.94,9040.25
912,03-Jan-20,20,28,912,14,8407.54,290.48,2881.19
913,04-Jan-20,25,30,913,29,3892.65,349.01,5394.05
914,05-Jan-20,11,43,914,42,6823.64,312.15,3957.08
915,04-Mar-20,6,22,915,36,7497.82,252.29,6802.01
916,05-Mar-20,3,11,916,68,1012.78,292.39,7150
917,06-Mar-20,15,43,917,45,1057.56,420.64,6571.36
918,07-Mar-20,48,7,918,57,6259.84,349.86,3294.41
919,08-Mar-20,31,43,919,30,1447.94,156.95,8388.92
920,09-Mar-20,16,37,920,12,4431.56,453.51,8598.75
921,10-Mar-20,1,25,921,11,9107.2,321.27,5725.4
922,11-Mar-20,34,47,922,66,2728.5,124.82,9678.54
923,12-Mar-20,38,16,923,6,2129.89,161.34,8314.47
924,13-Mar-20,43,36,924,2,5253.73,314.57,4522.82
925,14-Mar-20,18,30,925,6,6176.53,426.53,3975.61
926,15-Mar-20,21,32,926,39,9929.02,372.06,2788.39
927,16-Mar-20,13,47,927,68,2442.47,293.03,9047.04
928,17-Mar-20,31,20,928,71,3990.33,166.9,9329.26
929,18-Mar-20,34,4,929,68,992.74,317.01,7446.61
930,19-Mar-20,45,41,930,10,9766.3,418.68,8315.6
931,20-Mar-20,43,11,931,25,6758.74,416.66,129.58
932,21-Mar-20,22,45,932,33,731.3,289.28,3013.91
933,22-Mar-20,5,46,933,3,3925.09,198.4,8463.36
934,23-Mar-20,45,41,934,90,8740.14,239.88,8139.78
935,11-Jul-20,7,26,935,45,6323.84,265.53,6292.42
936,11-Oct-20,12,2,936,61,6587.64,135.59,4580.06
937,07-Jul-20,18,16,937,41,636.64,214.94,450.8
938,03-Sep-20,45,12,938,66,9139.6,470.49,7418.59
939,04-Sep-20,28,1,939,36,4926.07,194.98,9796.18
940,05-Sep-20,37,9,940,37,8731.61,420.72,8015.38
941,06-Sep-20,32,7,941,68,1851.06,287.34,1601.85
942,07-Sep-20,7,6,942,20,9172.42,493.83,3512.62
943,08-Sep-20,49,9,943,87,7467.2,291.33,9923.64
944,09-Sep-20,35,37,944,6,1633.64,314.71,9978.12
945,10-Sep-20,16,22,945,28,2360.31,385.96,3563.82
946,11-Sep-20,13,10,946,65,3930.19,179.25,963.09
947,12-Sep-20,10,27,947,77,3563.73,253.57,5499.96
948,13-Sep-20,12,14,948,51,9990.68,374.76,8324.89
949,14-Sep-20,31,36,949,66,6931.11,196.19,3939.77
950,15-Sep-20,31,10,950,37,3523.96,268.16,7766.81
951,01-Aug-20,39,29,951,68,7980.7,207.04,1024.41
952,02-Aug-20,49,11,952,25,8970.78,169.86,9013.67
953,03-Aug-20,20,5,953,100,9977.65,392.71,2801.46
954,04-Aug-20,43,6,954,90,7832.97,220.77,5128.44
955,05-Aug-20,18,30,955,6,6527.18,258.48,965.44
956,06-Aug-20,22,2,956,48,9315.78,488.9,2826.42
957,07-Aug-20,48,46,957,36,6211.48,472.98,4581.61
958,08-Aug-20,11,8,958,21,4979.34,322.24,4572.57
959,09-Aug-20,42,36,959,1,3282.21,208.36,4080.83
960,10-Aug-20,19,40,960,99,7279.51,334.5,4179.71
961,08-Aug-20,4,39,961,90,485.05,207.1,7356.91
962,05-Mar-20,4,29,962,16,1889.81,274.23,2733.29
963,08-Sep-20,8,3,963,68,6061.17,167.25,7333.21
964,09-Sep-20,37,38,964,23,1172.51,339.58,5144.74
965,12-Dec-20,45,1,965,90,4613.5,272.85,5055.48
966,10-Jun-20,49,47,966,6,6468.43,231.04,1585.61
967,11-Jun-20,34,35,967,90,7111.56,222.86,3838.26
968,12-Jun-20,44,39,968,9,9737.95,103.65,5233.15
969,12-Jan-20,22,12,969,8,9370.16,290.55,8557.08
970,12-Mar-20,4,31,970,62,5503.73,251.99,9824.03
971,08-Jun-20,36,17,971,42,6168.99,417.76,2509.88
972,09-Jun-20,45,33,972,58,435.13,131.23,1250.58
973,10-Jun-20,37,28,973,20,6190.04,256.72,2036.16
974,11-Jun-20,22,25,974,12,6327,422.92,3129.77
975,12-Jun-20,32,44,975,36,3417.78,111.67,689.57
976,13-Jun-20,41,49,976,57,1611.14,375.8,379.07
977,14-Jun-20,1,17,977,3,5875.32,400.68,5995.53
978,08-Nov-20,21,27,978,33,7478.18,282.94,8976.8
979,10-Jul-20,20,41,979,36,8176.39,306.62,4607.09
980,11-Mar-20,2,42,980,26,9103.58,103.24,6857.88
981,12-Mar-20,21,45,981,94,9921.01,408.1,8377.77
982,13-Mar-20,42,46,982,95,6989.95,460.12,5640.1
983,14-Mar-20,24,35,983,60,2652.05,331.72,6411.71
984,15-Mar-20,16,27,984,12,7077.49,150.12,4973.81
985,16-Mar-20,42,34,985,30,3147.13,338.11,9151.49
986,17-Mar-20,27,25,986,96,679.52,436.85,9301.47
987,18-Mar-20,45,25,987,99,5235.25,158.47,2878.22
988,19-Mar-20,39,17,988,2,4297.82,323.25,5491.41
989,20-Mar-20,42,26,989,19,1153.14,450.13,5968.94
990,21-Mar-20,47,36,990,20,2089.8,322.93,235.89
991,11-Dec-20,18,49,991,4,3935.64,274.59,4600.53
992,2/25/2020,26,28,992,100,1131.63,117.62,1362.68
993,01-Jun-20,1,10,993,75,5968.04,196.3,268.46
994,02-Jun-20,8,30,994,34,3240,448.82,846.22
995,03-Jun-20,20,32,995,68,3327.94,152.37,7463.02
996,04-Jun-20,17,46,996,75,9486.38,350.69,8033.16
997,05-Jun-20,42,20,997,97,133.02,409.52,9840.5
998,06-Jun-20,49,32,998,28,6705.63,436.95,8806.69
999,07-Jun-20,30,38,999,15,241.19,412.1,9490.43
1000,06-Jul-20,16,49,1000,67,2677.65,494.27,4607.2
